{"data":{"Year":[1995,1996,1997,1998,1999,2000,2001,2002,2003,2004,2005,2006,2007,2008,2009,2010,2011,2012,2013,2014,2015,2016,2017,2018],"Age Range":["5 to 9","5 to 9","5 to 9","5 to 9","5 to 9","5 to 9","5 to 9","5 to 9","5 to 9","5 to 9","5 to 9","5 to 9","5 to 9","5 to 9","5 to 9","5 to 9","5 to 9","5 to 9","5 to 9","5 to 9","5 to 9","5 to 9","5 to 9","5 to 9"],"Observation status":["Estimate","Estimate","Estimate","Estimate","Estimate","Estimate","Estimate","Estimate","Estimate","Estimate","Estimate","Estimate","Estimate","Estimate","Estimate","Estimate","Estimate","Estimate","Estimate","Estimate","Estimate","Estimate","Estimate","Estimate"],"Unit multiplier":["Units","Units","Units","Units","Units","Units","Units","Units","Units","Units","Units","Units","Units","Units","Units","Units","Units","Units","Units","Units","Units","Units","Units","Units"],"Unit measure":["Index","Index","Index","Index","Index","Index","Index","Index","Index","Index","Index","Index","Index","Index","Index","Index","Index","Index","Index","Index","Index","Index","Index","Index"],"Value":[0.621339529,0.618122041,0.771004329,0.642354525,0.661509318,0.807328308,1.160329875,0.612295899,0.651699079,0.715937118,0.72976889,0.757564928,0.718703495,0.535228358,0.518150611,0.536094536,0.50327236,0.474469137,0.46991294,0.411589099,0.394219747,0.42010518,0.403549033,0.422870274]},"edges":[]}